{"cameraMode":{"drawMode":0,"name":"Shaded","section":"Shading Mode"},"sceneLighting":true,"audioPlay":false,"sceneViewState":{"m_AlwaysRefresh":false,"showFog":true,"showSkybox":true,"showFlares":true,"showImageEffects":true,"showParticleSystems":true,"showVisualEffectGraphs":true,"m_FxEnabled":true},"in2DMode":false,"pivot":{"x":39.989322662353519,"y":-11.420089721679688,"z":-45.16605758666992},"rotation":{"x":0.041850268840789798,"y":0.936651349067688,"z":-0.11977602541446686,"w":0.32656463980674746},"size":35.307743072509769,"orthographic":false}